exit_variant,top1_profit_share,top3_profit_share,return_without_top1,return_without_top3
EXIT_R5,0.23075275931287312,0.48452877471976874,-0.14577601345097857,-0.18790748653624856
