month,return
2025-08,0.0028243527395914736
2025-09,0.007622461877437869
2025-10,0.010465136709089107
2025-11,-0.038504111231555616
2025-12,0.034010017255101
2026-01,-0.02539498523664363
2026-02,-0.03085907307447089
2026-03,-0.0024539148804230138
2026-04,-0.03878867323704793
2026-05,-0.0273658210464236
2026-06,-0.00020684887625088688
