test,removed_group,n,spearman,pearson,r2,mae,rmse
all_test,,20,0.3759398496240601,0.17657528650615167,-0.332429797021248,0.6248461033686026,1.1326925408646722
remove_top1_actual,,19,0.5859649122807017,0.603353279842461,0.11344165137212292,0.4312350227952631,0.6130213716389232
remove_top1_prediction,,19,0.3140350877192983,0.14318134098988264,-0.3465011159993374,0.638347321247165,1.15904193732397
leave_one_group_out,M11,16,0.3029411764705882,0.06678663401370422,-0.4469181891307765,0.6750565825603612,1.2414689590701302
leave_one_group_out,M12,16,0.2029411764705882,-0.018239136346045588,-0.4439004880052675,0.6149026138436057,1.1947825807700712
leave_one_group_out,M13,16,0.5294117647058824,0.5423052197937949,-0.02400112111305286,0.4868242840448215,0.6639290638842066
leave_one_group_out,M14,16,0.31764705882352945,0.2528209708976184,-0.33931129019492245,0.7052091467443269,1.251260029582987
leave_one_group_out,M15,16,0.44117647058823534,0.15408835552709957,-0.2989402662387737,0.6422378896498973,1.1998991230532237
