shift_bars,train_n,test_n,coefficient,coefficient_sign,spearman,pearson,r2,mae,rmse
-3,40,20,0.08534476695083493,positive,0.5308270676691729,0.21028385836831148,-0.24532699488166942,0.639367896782842,1.0950440093414524
0,40,20,0.08951878210580475,positive,0.3759398496240601,0.17657528650615167,-0.332429797021248,0.6248461033686026,1.1326925408646722
3,40,20,0.10796185165584005,positive,0.5924812030075187,0.2538122950395983,-0.23823778265223705,0.6060839812592576,1.0919227090784382
