exit_variant,phase,n,share_better_than_R0,median_return_diff,median_capture_diff,bootstrap_ci_low,bootstrap_ci_high,sign_test_p_approx
EXIT_R2,ALL,69,0.3188405797101449,0.0,0.0,0.0,0.0,0.0035448128470210523
EXIT_R2,NO_MOVEMENT_MFE_LT_1_ATR,35,0.0,0.0,0.0,0.0,0.0,5.820766091346741e-11
EXIT_R2,STRONG_MOVEMENT_MFE_GE_2_ATR,26,0.6538461538461539,0.013409089239947318,0.2728643040278038,-0.0185720759366112,0.034120951536256314,0.16863754391670227
EXIT_R2,WEAK_MOVEMENT_MFE_1_2_ATR,8,0.625,0.007169320321154587,0.21839769718936314,0.0,0.021155742290806714,0.7265625
EXIT_R5,ALL,67,0.3283582089552239,0.0,0.0,0.0,0.0,0.006741447363103126
EXIT_R5,NO_MOVEMENT_MFE_LT_1_ATR,36,0.0,0.0,0.0,0.0,0.0,2.9103830456733704e-11
EXIT_R5,STRONG_MOVEMENT_MFE_GE_2_ATR,22,0.5909090909090909,0.00712664848619053,0.09247994294125259,-0.044468064897556385,0.02206725815668125,0.5234670639038086
EXIT_R5,WEAK_MOVEMENT_MFE_1_2_ATR,9,1.0,0.011107017558813792,0.5036911350077228,0.009752537999319046,0.017636476703739655,0.00390625
