from_state,to_state,transition_count,transition_probability,is_self_transition
1,1,2874,0.9958419958419958,True
1,2,12,0.004158004158004158,False
2,1,12,0.030848329048843187,False
2,2,377,0.9691516709511568,True
